{"cameraMode":{"drawMode":0,"name":"Shaded","section":"Shading Mode"},"sceneLighting":true,"audioPlay":false,"sceneViewState":{"m_AlwaysRefresh":false,"showFog":true,"showSkybox":true,"showFlares":true,"showImageEffects":true,"showParticleSystems":true,"showVisualEffectGraphs":true,"m_FxEnabled":true},"in2DMode":false,"pivot":{"x":-51.23564147949219,"y":22.366897583007814,"z":161.536865234375},"rotation":{"x":0.030931225046515466,"y":0.6447583436965942,"z":-0.026127010583877565,"w":0.7633152008056641},"size":73.12345123291016,"orthographic":true}